Basin,Sample ID,Lithology,Epoch,Wt. % TOC
Bighorn Basin,BHB-02-046,mudstone,Eocene,8.5
Bighorn Basin,BHB-02-047,mudstone,Eocene,1.9
Bighorn Basin,BHB-02-048,mudstone,Eocene,1.7
Bighorn Basin,BHB-02-049,shale,Eocene,17.2
Bighorn Basin,BHB-02-050,mudstone,Eocene,2.9
Bighorn Basin,BHB-02-051,shale,Eocene,25
Bighorn Basin,BHB-02-052,mudstone,Eocene,2.9
Bighorn Basin,BHB-02-053,shale,Eocene,46
Bighorn Basin,BHB-02-054,mudstone,Eocene,12.1
Bighorn Basin,BHB-02-055,shale,Eocene,14.8
Bighorn Basin,BHB-07-001,mudstone,Eocene,0.1
Bighorn Basin,BHB-07-002,shale,Eocene,20.3
Bighorn Basin,BHB-07-005,mudstone,Eocene,0.5
Bighorn Basin,BHB-07-006,shale,Eocene,7.6
Bighorn Basin,BHB-02-038,mudstone,Eocene,1
Bighorn Basin,BHB-02-039,shale,Eocene,0.8
Bighorn Basin,BHB-02-040,mudstone,Eocene,0.6
Bighorn Basin,BHB-02-041,shale,Eocene,0.8
Bighorn Basin,CAB6-04-04,carbshale,Eocene,0.85
Bighorn Basin,SW0905,carbshale,Eocene,0.43
Bighorn Basin,SW0306,carbshale,Eocene,0.59
Bighorn Basin,SW0817,carbshale,Eocene,0.33
Bighorn Basin,SW1011,carbshale,Eocene,0.37
Bighorn Basin,SW1001,carbshale,Eocene,1.42
Bighorn Basin,Wing 0902A,carbshale,Eocene,0.14
Bighorn Basin,SW0809,carbshale,Eocene,0.37
Bighorn Basin,SW0907,carbshale,Eocene,0.37
Bighorn Basin,SW0813,carbshale,PETM,2.6
Bighorn Basin,CAB6-04-01.1,carbshale,PETM,0.39
Bighorn Basin,SW1006,carbshale,PETM,2.1
Bighorn Basin,SW0802,carbshale,PETM,2.52
Bighorn Basin,PP0811,carbshale,PETM,0.34
Bighorn Basin,SW1007,carbshale,PETM,0.38
Bighorn Basin,SW0906,carbshale,PETM,0.19
Bighorn Basin,SW0805,carbshale,PETM,0.42
Bighorn Basin,SW1010,carbshale,PETM,0.54
Bighorn Basin,SW1009,carbshale,PETM,0.14
Bighorn Basin,SW1003,carbshale,PETM,1.3
Bighorn Basin,NUHS0817-2,carbshale,PETM,0.11
Bighorn Basin,CAB1-04-06,carbshale,PETM,0.36
Bighorn Basin,CAB7-04-03,carbshale,PETM,0.12
Bighorn Basin,CAB7-04-02,carbshale,PETM,0.28
Bighorn Basin,NUHS0819-14,carbshale,PETM,0.16
Bighorn Basin,PS0901,carbshale,Paleocene,0.36
Bighorn Basin,SW0904,carbshale,Paleocene,0.94
Bighorn Basin,SLW0904,sandstone,Paleocene,0.9
Bighorn Basin,SLW0904 Lauraceae,sandstone,Paleocene,1
Bighorn Basin,SLW0904 Lauraceae Cuticle C,sandstone,Paleocene,0.9
Bighorn Basin,SW0803,carbshale,Paleocene,0.72
Bighorn Basin,SLW0902,sandstone,Paleocene,0.6
Bighorn Basin,SW0801,carbshale,Paleocene,0.63
Bighorn Basin,SLW0901,siltysand,Paleocene,0.6
Bighorn Basin,FAS0803,carbshale,Paleocene,0.76
Bighorn Basin,FAS0801,carbshale,Paleocene,1.35
Bighorn Basin,SCD C,carbshale,Paleocene,0.09
Bighorn Basin,CAB3-04-07,carbshale,Paleocene,2.64
Bighorn Basin,AFD-07-HC4,siltstone,Paleocene,16.9
Bighorn Basin,AFD-07-NHD2,mudstone,Paleocene,0.9
Bighorn Basin,CAB10A-0502,siltstone,Paleocene,26.1
Bighorn Basin,SLW0314,mudstone,Paleocene,1.4
Bighorn Basin,SLW0406,mudstone,Paleocene,1.1
Bighorn Basin,FAS0802,carbshale,Paleocene,0.19
Bighorn Basin,CAB3-04-06,carbshale,Paleocene,0.77
Bighorn Basin,PP0904,carbshale,Paleocene,0.55
Bighorn Basin,BHB-02-026,shale,Paleocene,49.3
Bighorn Basin,BHB-02-027,carbshale,Paleocene,2.1
Bighorn Basin,BHB-02-032,shale,Paleocene,55.6
Bighorn Basin,BHB-02-033,mudstone,Paleocene,3.5
Bighorn Basin,BHB-02-016,shale,Paleocene,14.3
Bighorn Basin,BHB-02-017,mudstone,Paleocene,3.9
Bighorn Basin,BHB-02-024,shale,Paleocene,30.1
Bighorn Basin,BHB-02-025,mudstone,Paleocene,1.6
Bighorn Basin,BHB-02-004,mudstone,Paleocene,3.1
Bighorn Basin,BHB-02-005,lignite,Paleocene,48.2
Bighorn Basin,BHB-02-006,carbshale,Paleocene,7.7
Bighorn Basin,BHB-02-008,lignite,Paleocene,54.3
Bighorn Basin,BHB-02-010,mudstone,Paleocene,1.5
Bighorn Basin,BHB-02-011,lignite,Paleocene,55.9
Bighorn Basin,BHB-02-012,carbshale,Paleocene,0.8
Bighorn Basin,BHB-02-001,mudstone,Paleocene,1.2
Bighorn Basin,BHB-02-002,lignite,Paleocene,54.6
Bighorn Basin,BHB-02-003,carbshale,Paleocene,3.1
Bighorn Basin,BHB-02-007,mudstone,Paleocene,3.3
Bighorn Basin,BHB-02-009,carbshale,Paleocene,3.4
Bighorn Basin,BHB-02-013,mudstone,Paleocene,2.5
Bighorn Basin,BHB-02-014,lignite,Paleocene,47.4
Bighorn Basin,BHB-02-015,carbshale,Paleocene,4.4
Bighorn Basin,BHB-02-018,shale,Paleocene,23
Bighorn Basin,BHB-02-019,carbshale,Paleocene,3
Bighorn Basin,BHB-02-020,shale,Paleocene,28.9
Bighorn Basin,BHB-02-021,mudstone,Paleocene,2
Bighorn Basin,BHB-02-022,shale,Paleocene,35.5
Bighorn Basin,BHB-02-023,mudstone,Paleocene,1.2
Bighorn Basin,BHB-02-028,shale,Paleocene,44
Bighorn Basin,BHB-02-029,mudstone,Paleocene,2.5
Bighorn Basin,BHB-02-030,shale,Paleocene,38.3
Bighorn Basin,BHB-02-031,mudstone,Paleocene,1.8
Bighorn Basin,BHB-02-034,shale,Paleocene,29.9
Bighorn Basin,BHB-02-035,mudstone,Paleocene,3.4
Bighorn Basin,BHB-02-036,mudstone,Eocene,2.4
Bighorn Basin,BHB-02-037,carbshale,Eocene,0.6
Bighorn Basin,BHB-02-042,mudstone,Eocene,0.7
Bighorn Basin,BHB-02-043,carbshale,Eocene,0.7
Bighorn Basin,BHB-02-044,mudstone,Eocene,1.1
Bighorn Basin,BHB-02-045,carbshale,Eocene,0.9
Bighorn Basin,BHB-07-003,mudstone,Eocene,0.1
Bighorn Basin,BHB-07-004,carbshale,Eocene,47.1
Bighorn Basin,BHB-07-007,mudstone,Eocene,0.2
Bighorn Basin,BHB-07-008,carbshale,Eocene,1.9
Bighorn Basin,BHB-07-009,mudstone,Eocene,0.1
Bighorn Basin,BHB-07-010,carbshale,Eocene,4.9
Hanna Basin,HDR-002,claystone,Eocene,12.83
Hanna Basin,HDR-004,claystone,Eocene,27.92
Hanna Basin,HDR-007,carbclaystone,Eocene,2.72
Hanna Basin,HDR-010,carbclaystone,Eocene,16.98
Hanna Basin,HDR-013,carbclaystone,Eocene,14.79
Hanna Basin,HDR-014,claystone,Eocene,1.74
Hanna Basin,HDR-017,claystone,Eocene,2.69
Hanna Basin,HDR-022,siltstone,Eocene,2.17
Hanna Basin,HDR-027,siltstone,Eocene,5.8
Hanna Basin,HDR-029,claystone,Eocene,18.73
Hanna Basin,HDR-031,claystone,Eocene,4.94
Hanna Basin,HDR-032,claystone,Eocene,4.04
Hanna Basin,HDR-035,claystone,Eocene,3.4
Hanna Basin,HDR-037,claystone,Eocene,0.3
Hanna Basin,1-Jingo-FLE1S,sandstone,Paleocene,1.46
Hanna Basin,2-BCL-1614-FLE1S,sandstone,Eocene,2.35
Hanna Basin,3-LS1710-LEVELc-FLE1S,sandstone,Paleocene,1.06
Hanna Basin,4-LEVELD-FLE1S,sandstone,PETM,1.45
Hanna Basin,6-BC16-157M-FLE1S,carbclaystone,PETM,10.53
Hanna Basin,7-BC16-143M-FLE1S,sandstone,PETM,0.25
Hanna Basin,8-BC16-113M-FLE1S,sandstone,PETM,0.55
Hanna Basin,9-BC16-61M-FLE1S,sandstone,PETM,0.29
Hanna Basin,10-BC16-50M-FLE1S,carbclaystone,PETM,5.69
Hanna Basin,C89-AD,coal,Eocene,3.87
Hanna Basin,C88-AD S,coal,Eocene,3.38
Hanna Basin,C88-AD,coal,Eocene,5.18
Hanna Basin,C87-AD,coal,Eocene,6.83
Hanna Basin,RD1506,claystone,Eocene,1.47
Hanna Basin,RD1505,claystone,Eocene,10.07
Hanna Basin,RD1504,claystone,Eocene,1.39
Hanna Basin,EC1518,siltstone,Eocene,1.59
Hanna Basin,RD1502,claystone,Eocene,2.67
Hanna Basin,15-HB MD,claystone,Eocene,7.41
Hanna Basin,EC1513,carbclaystone,Eocene,3.54
Hanna Basin,EDC1501,carbclaystone,Eocene,2.34
Hanna Basin,EC1517,sandstone,Paleocene,0.72
Hanna Basin,EC1516,carbclaystone,Paleocene,5.72
Hanna Basin,EC1515,siltstone,Paleocene,0.32
Hanna Basin,18-BC-0,carbclaystone,Paleocene,1.73
Hanna Basin,18-BC-0z,carbclaystone,Paleocene,1.75
Hanna Basin,18-BC-2.2,carbclaystone,Paleocene,2.8
Hanna Basin,18-BC-2.32,carbclaystone,Paleocene,2.33
Hanna Basin,18-BC-2.32z,carbclaystone,Paleocene,1.9
Hanna Basin,18-BC-6.1A,coal,Paleocene,45.72
Hanna Basin,18-BC-6.1Az,coal,Paleocene,46.61
Hanna Basin,18-BC-7.02,claystone,Paleocene,1.14
Hanna Basin,18-BC-16.5,sandstone,Paleocene,0.15
Hanna Basin,18-BC-36.1,claystone,PETM,0.48
Hanna Basin,18-BC-42.75,siltstone,PETM,0.19
Hanna Basin,18-BC-42.75z,siltstone,PETM,0.18
Hanna Basin,18-BCJ-43.0,siltstone,PETM,0.22
Hanna Basin,18-BCJ-43.0z,siltstone,PETM,0.21
Hanna Basin,18-BCJ-43.2,siltstone,PETM,0.22
Hanna Basin,18-BCJ-43.2z,siltstone,PETM,0.21
Hanna Basin,18-BCJ-43.7,siltstone,PETM,0.22
Hanna Basin,18-BCJ-43.7z,siltstone,PETM,0.2
Hanna Basin,18-BCJ-43.9,siltstone,PETM,0.17
Hanna Basin,18-BCJ-43.9z,siltstone,PETM,0.15
Hanna Basin,18-BCJ-44.0,siltstone,PETM,0.15
Hanna Basin,18-BCJ-44.3,siltstone,PETM,0.24
Hanna Basin,18-BCJ-44.4,siltstone,PETM,0.47
Hanna Basin,18-BCJ-44.6,claystone,PETM,0.14
Hanna Basin,18-BCJ-44.6z,claystone,PETM,0.13
Hanna Basin,18-BCJ-44.8,claystone,PETM,0.19
Hanna Basin,18-BCJ-45.4,claystone,PETM,0.23
Hanna Basin,18-BCJ-45.7,carbclaystone,PETM,0.76
Hanna Basin,18-BCJ-45.9z,carbclaystone,PETM,0.69
Hanna Basin,18-BCJ-46.3z,carbclaystone,PETM,1.02
Hanna Basin,18-BC-48.2,claystone,PETM,0.38
Hanna Basin,18-BC-48.2z,claystone,PETM,0.24
Hanna Basin,18-BC-55.2,claystone,PETM,0.46
Hanna Basin,18-BC-61.1,claystone,PETM,0.36
Hanna Basin,18-BC-61.4,claystone,PETM,0.37
Hanna Basin,18-BC-61.55z,claystone,PETM,0.27
Hanna Basin,18-BC-82.5,claystone,PETM,0.27
Hanna Basin,18-BC-82.5z,claystone,PETM,0.27
Hanna Basin,18-BC-82.6z,claystone,PETM,0.3
Hanna Basin,18-BC-82.75,claystone,PETM,0.29
Hanna Basin,18-BC-82.75z,claystone,PETM,0.26
Hanna Basin,18-BC-119.9,sandstone,PETM,0.54
Hanna Basin,18-BC-120.2,sandstone,PETM,1.01
Hanna Basin,18-BC-120.4,claystone,PETM,0.74
Hanna Basin,18-BC-120.4z,claystone,PETM,0.59
Hanna Basin,18-BC-120.5,siltstone,PETM,0.61
Hanna Basin,18-BC-120.7,sandstone,PETM,0.64
Hanna Basin,18-BC-120.7z,sandstone,PETM,0.53
Hanna Basin,18-BC-120.9,claystone,PETM,0.45
Hanna Basin,18-BC-122.3,claystone,PETM,0.77
Hanna Basin,18-BC-122.5,claystone,PETM,2.17
Hanna Basin,18-BC-122.5z,claystone,PETM,2.1
Hanna Basin,18-BC-122.7,claystone,PETM,1.69
Hanna Basin,18-BC-122.9,claystone,PETM,2.28
Hanna Basin,18-BC-127.05,sandstone,PETM,0.82
Hanna Basin,18-BC-127.05z,sandstone,PETM,0.71
Hanna Basin,18-BC-127.32,claystone,PETM,0.81
Hanna Basin,18-BC-127.32z,claystone,PETM,0.81
Hanna Basin,18-BC-127.6,siltstone,PETM,0.52
Hanna Basin,18-BC-127.6z,siltstone,PETM,0.48
Hanna Basin,18-BC-128.0,carbclaystone,PETM,2.29
Hanna Basin,18-BC-128.2z,carbclaystone,PETM,1.45
Hanna Basin,18-BC-129.0,claystone,PETM,0.33
Hanna Basin,18-BC-129.2,claystone,PETM,0.23
Hanna Basin,18-BC-129.2z,claystone,PETM,0.24
Hanna Basin,18-BC-129.4,claystone,PETM,0.2
Hanna Basin,18-BC-129.7,claystone,PETM,0.27
Hanna Basin,18-BC-129.7z,claystone,PETM,0.17
Hanna Basin,18-BC-130.5,claystone,PETM,0.76
Hanna Basin,18-BC-130.5z,claystone,PETM,0.64
Hanna Basin,18-BC-131.5z,sandstone,PETM,0.16
Hanna Basin,18-BC-131.75,sandstone,PETM,0.23
Hanna Basin,18-BC-132.5,sandstone,PETM,0.11
Hanna Basin,18-BC-133.1,claystone,PETM,0.19
Hanna Basin,18-BC-133.1z,claystone,PETM,0.24
Hanna Basin,18-BC-133.5,claystone,PETM,0.25
Hanna Basin,18-BC-133.8,claystone,PETM,0.21
Hanna Basin,18-BC-133.8z,claystone,PETM,0.24
Hanna Basin,18-BC-134.25,claystone,PETM,0.12
Hanna Basin,18-BC-134.55,claystone,PETM,0.17
Hanna Basin,18-BC-134.55z,siltstone,PETM,0.14
Hanna Basin,18-BC-134.85,siltstone,PETM,0.18
Hanna Basin,18-BC-135.0,claystone,PETM,0.14
Hanna Basin,18-BC-135.0z,claystone,PETM,0.17
Hanna Basin,18-BC-135.4,siltstone,PETM,0.16
Hanna Basin,18-BC-135.7,claystone,PETM,0.16
Hanna Basin,18-BC-135.7z,claystone,PETM,0.17
Hanna Basin,18-BC-135.9,claystone,PETM,0.15
Hanna Basin,18-BC-136.1,claystone,PETM,0.18
Hanna Basin,18-BC-136.1z,claystone,PETM,0.12
Hanna Basin,18-BC-136.5,siltstone,PETM,0.15
Hanna Basin,18-BC-136.8,siltstone,PETM,0.41
Hanna Basin,18-BC-136.8z,siltstone,PETM,0.17
Hanna Basin,18-BC-137.2,claystone,PETM,0.2
Hanna Basin,18-BC-137.2z,claystone,PETM,0.17
Hanna Basin,18-BC-138.05,siltstone,PETM,0.16
Hanna Basin,18-BC-138.45,claystone,PETM,0.3
Hanna Basin,18-BC-138.45z,claystone,PETM,0.26
Hanna Basin,18-BC-138.65,siltstone,PETM,0.32
Hanna Basin,18-BC-138.65z,siltstone,PETM,0.24
Hanna Basin,18-BC-138.85,siltstone,PETM,0.22
Hanna Basin,18-BC-139.9,siltstone,PETM,0.23
Hanna Basin,18-BC-139.9z,siltstone,PETM,0.2
Hanna Basin,18-BC-140.3,siltstone,PETM,0.31
Hanna Basin,18-BC-140.9,siltstone,PETM,0.24
Hanna Basin,18-BC-140.9z,siltstone,PETM,0.2
Hanna Basin,18-BC-157.1,claystone,PETM,0.78
Hanna Basin,18-BC-157.1z,claystone,PETM,0.78
Hanna Basin,18-BC-157.6,carbclaystone,PETM,3.51
Hanna Basin,18-BC-158,carbclaystone,PETM,29.88
Hanna Basin,18-BC-158z,carbclaystone,PETM,36.74
Hanna Basin,18-BC-159.75,sandstone,Eocene,1.11
Hanna Basin,18-BC-160,sandstone,Eocene,0.96
Hanna Basin,18-BC-165.05,coal,Eocene,39.07
Hanna Basin,18-BC-165.05z,coal,Eocene,41.13
Hanna Basin,18-BC-165.2,coal,Eocene,40.87
Hanna Basin,18-BC-175.35,coal,Eocene,52.62
Hanna Basin,18-BC-175.35z,coal,Eocene,46.56
Hanna Basin,18-BC-175.9,coal,Eocene,10.97
Hanna Basin,18-BC-175.9z,coal,Eocene,8.75
Hanna Basin,18C82-195.59,siltstone,Paleocene,2.72
Hanna Basin,18C82-195.59z,siltstone,Paleocene,2.33
Hanna Basin,18C82-196.28,siltstone,Paleocene,1.1
Hanna Basin,18C82-196.7,siltstone,Paleocene,2.5
Hanna Basin,18C82-197.15,siltstone,Paleocene,0.99
Hanna Basin,18C82-197.34,siltstone,Paleocene,3.97
Hanna Basin,18C82-197.59,siltstone,Paleocene,3.92
Hanna Basin,18C82-197.94,siltstone,Paleocene,3.89
Hanna Basin,18C82-198.64,siltstone,Paleocene,7.44
Hanna Basin,18C82-194.79,siltstone,Paleocene,2.31
Hanna Basin,18C82-200.5,siltstone,Paleocene,1.5
Hanna Basin,18C82-200.5z,siltstone,Paleocene,1.37
Hanna Basin,18C82-200.5zz,siltstone,Paleocene,1.39
Hanna Basin,18C82-200.5zzz,siltstone,Paleocene,1.3
Hanna Basin,18C82-188.41,carbclaystone,Paleocene,13.94
Hanna Basin,18C82-189.31,claystone,Paleocene,2.15
Hanna Basin,18C82-189.53,carbclaystone,Paleocene,14.3
Hanna Basin,18C82-189.53z,carbclaystone,Paleocene,7.14
Hanna Basin,18C82-191.25,carbclaystone,Paleocene,1.72
Hanna Basin,18C82-191.96,carbclaystone,Paleocene,4.96
Hanna Basin,18C82-192.46,claystone,Paleocene,3.03
Hanna Basin,18C82-193.2,siltstone,Paleocene,1.9
Hanna Basin,18C82-193.54,siltstone,Paleocene,4.67
Hanna Basin,18C82-193.54z,siltstone,Paleocene,3.51
Hanna Basin,18C82-194,siltstone,Paleocene,3.62
Hanna Basin,18.SSR.0.3,coal,Eocene,51.5
Hanna Basin,18.SSR.0.7,carbclaystone,Eocene,7.53
Hanna Basin,18.SSR.1.1,coal,Eocene,21.64
Hanna Basin,18.SSR.1.4,coal,Eocene,40.64
Hanna Basin,18.SSR.1.5,carbclaystone,Eocene,6.96
Hanna Basin,18.SSR.1.8,coal,Eocene,11.37
Hanna Basin,18.SSR.2.5,coal,Eocene,39.78
Hanna Basin,18.SSR.2.7,carbclaystone,Eocene,16.66
Hanna Basin,18.SSR.3.4,coal,Eocene,37.03
Hanna Basin,18.SSR.3.6,carbclaystone,Eocene,29.72
Hanna Basin,18.SSR.3.9,carbclaystone,Eocene,8.89
Hanna Basin,18.SSR.4.0,claystone,Eocene,39.37
Hanna Basin,18.SSR.4.65,claystone,Eocene,48.55
Hanna Basin,18.SSR.4.75,claystone,Eocene,16.52
Hanna Basin,18.SSR.5.1,claystone,Eocene,66.24
Hanna Basin,18.SSR.13,claystone,Eocene,0.65
Hanna Basin,18.SSR.13z,claystone,Eocene,0.63
Hanna Basin,18.SSR.13.5,claystone,Eocene,0.77
Hanna Basin,18.SSR.13.5z,claystone,Eocene,0.74
Hanna Basin,18.SSR.14.3,claystone,Eocene,7.11
Hanna Basin,18.SSR.14.7,claystone,Eocene,0.89
Hanna Basin,18.SSR.15,claystone,Eocene,4.94
Hanna Basin,18.SSR.15z,claystone,Eocene,4.81
Hanna Basin,18.SSR.15.7,claystone,Eocene,6.27
Hanna Basin,18.SSR.15.7z,claystone,Eocene,7.75
Hanna Basin,2018-L17-12.75,siltstone,Paleocene,5.93
Hanna Basin,2018-L17-13.51,siltstone,Paleocene,3.18
Hanna Basin,2018-L17-13.51z,siltstone,Paleocene,3.11
Hanna Basin,2018-L17-14.10,siltstone,Paleocene,1.63
Hanna Basin,2018-L17-19.79,siltstone,Paleocene,3.07
Hanna Basin,2018-L17-21.11,siltstone,Paleocene,0.95
Hanna Basin,2018-L17-21.11z,siltstone,Paleocene,0.96
Hanna Basin,2018-L17-32.33,carbclaystone,Paleocene,15.54
Hanna Basin,2018-L17-33.33,carbclaystone,Paleocene,41.65
Hanna Basin,2018-L17-33.33z,carbclaystone,Paleocene,32.45
Hanna Basin,2018-L17-34.28,siltstone,Paleocene,1.86
Hanna Basin,2018-L17-39.90,claystone,Paleocene,0.21
Hanna Basin,2018-L17-42.75,sandstone,Paleocene,0.1
Hanna Basin,2018-L17-46.55z,siltstone,Paleocene,0.09
Hanna Basin,2018-L17-52.00,carbclaystone,Paleocene,2.17
Hanna Basin,2018-L17-52.00z,carbclaystone,Paleocene,2.25
Hanna Basin,2018-L17-53.70,siltstone,Paleocene,2.13
Hanna Basin,2018-L17-54.25,siltstone,Paleocene,0.39
Hanna Basin,2018-L17-58.75,siltstone,Paleocene,0.18
Hanna Basin,2018-L17-59.45,siltstone,Paleocene,0.29
Hanna Basin,2018-L17-59.85,siltstone,Paleocene,0.65
Hanna Basin,2018-L17-59.85z,siltstone,Paleocene,0.49
Hanna Basin,2018-L17-70.68,carbclaystone,Paleocene,4.02
Hanna Basin,2018-L17-70.68z,carbclaystone,Paleocene,4.24
Hanna Basin,2018-L17-71.78,siltstone,Paleocene,0.47
Hanna Basin,2018-L17-71.78z,siltstone,Paleocene,0.42
Hanna Basin,2018-L17-78.58,siltstone,Paleocene,0.2
Hanna Basin,2018-L17-78.58z,siltstone,Paleocene,0.21
Hanna Basin,2018-L17-100.20,siltstone,Paleocene,5.55
Hanna Basin,2018-L17-100.60,claystone,Paleocene,14.35
Hanna Basin,2018-L17-100.60z,claystone,Paleocene,15.05
Hanna Basin,2018-L17-101.30,siltstone,Paleocene,2.16
Hanna Basin,2018-L17-101.30z,siltstone,Paleocene,2.02
Hanna Basin,2018-L17-102.80,siltstone,Paleocene,0.97
Hanna Basin,2018-L17-126.40,siltstone,PETM,0.65
Hanna Basin,2018-L17-126.40z,siltstone,PETM,0.61
Hanna Basin,2018-L17-126.55,sandstone,PETM,0.3
Hanna Basin,2018-L17-126.75,sandstone,PETM,0.23
Hanna Basin,2018-L17-126.75z,sandstone,PETM,0.22
Hanna Basin,2018-L17-127.25,sandstone,PETM,0.23
Hanna Basin,2018-L17-128.05,sandstone,PETM,0.17
Hanna Basin,2018-L17-128.05z,sandstone,PETM,0.16
Hanna Basin,2018-L17-130.55,sandstone,PETM,0.16
Hanna Basin,2018-L17-130.55z,sandstone,PETM,0.17
Hanna Basin,2018-L17-137.33,sandstone,PETM,0.64
Hanna Basin,2018-L17-137.78,claystone,PETM,0.54
Hanna Basin,2018-L17-137.78z,claystone,PETM,0.54
Hanna Basin,2018-L17-138.18,claystone,PETM,0.49
Hanna Basin,2018-L17-144.30,siltstone,PETM,0.56
Hanna Basin,2018-L17-144.30z,siltstone,PETM,0.54
Hanna Basin,2018-L17-178.35z,claystone,PETM,0.73
Hanna Basin,2018-L17-178.60,claystone,PETM,0.63
Hanna Basin,2018-L17-181.02,sandstone,PETM,0.57
Hanna Basin,2018-L17-181.02z,sandstone,PETM,0.54
Hanna Basin,2018-L17-183.02,claystone,PETM,0.82
Hanna Basin,2018-L17-183.02z,claystone,PETM,0.62
Hanna Basin,2018-L17-183.42,claystone,PETM,0.78
Hanna Basin,2018-L17-183.42z,claystone,PETM,0.71
Hanna Basin,2018-L17-183.92z,sandstone,PETM,0.15
Hanna Basin,2018-L17-202.2,claystone,Eocene,5.82
Hanna Basin,2018-L17-202.2z,claystone,Eocene,6.72
Hanna Basin,2018-L17-203.00,claystone,Eocene,1.57
Hanna Basin,2018-L17-216.59,carbclaystone,Eocene,2.04
Hanna Basin,2018-L17-216.59z,carbclaystone,Eocene,2.03
Hanna Basin,2018-L17-217.49,carbclaystone,Eocene,4.26
Hanna Basin,2018-L17-218.29z,carbclaystone,Eocene,2.05
Hanna Basin,18 BR JCCS 02-6.75,carbclaystone,Eocene,8.48
Hanna Basin,18 BR JCCS 02-6.75z,carbclaystone,Eocene,10.37
Hanna Basin,2018-L17-219.29,claystone,Eocene,1.17
Hanna Basin,18 BR JCCS 02-8.27,carbclaystone,Eocene,8.66
Hanna Basin,18 BR JCCS 02-8.27z,carbclaystone,Eocene,9.2
Hanna Basin,2018-L17-220.79,siltstone,Eocene,2.51
Hanna Basin,2018-L17-220.79z,siltstone,Eocene,2.32
Hanna Basin,18 BR JCCS 02-9.05,siltstone,Eocene,1.26
Hanna Basin,18 BR JCCS 02-9.95,claystone,Eocene,0.61
Hanna Basin,2018-L17-222.49,claystone,Eocene,0.42
Hanna Basin,2018-L17-222.49z,claystone,Eocene,0.35
Hanna Basin,18 BR JCCS 02-10.7,carbclaystone,Eocene,2.99
Hanna Basin,18 BR JCCS 02-11.3z,siltstone,Eocene,0.84
Hanna Basin,2018-L17-223.29,carbclaystone,Eocene,3.27
Hanna Basin,2018-L17-223.29z,carbclaystone,Eocene,7.47
Hanna Basin,18 BR JCCS 02-11.5,siltstone,Eocene,1.37
Hanna Basin,18 BR JCCS 02-11.7,claystone,Eocene,0.88
Hanna Basin,2018-L17-223.59,sandstone,Eocene,0.12
Hanna Basin,2018-L17-223.59z,sandstone,Eocene,0.13
Hanna Basin,18 BR JCCS 02-12.3,sandstone,Eocene,3.98
Hanna Basin,18 BR JCCS 02-12.3z,sandstone,Eocene,3.61
Hanna Basin,18 BR JCCS 02-12.95,claystone,Eocene,0.54
Hanna Basin,18 BR JCCS 02-13.45,claystone,Eocene,0.25
Hanna Basin,18 BR JCCS 02-13.95,sandstone,Eocene,0.16
Hanna Basin,2018-L17-231.43,sandstone,Eocene,0.16
Hanna Basin,2018-L17-231.43z,sandstone,Eocene,0.14
Hanna Basin,2018-L17-232.58,sandstone,Eocene,0.2
Hanna Basin,2018-L17-247.50,carbclaystone,Eocene,1.79
Hanna Basin,2018-L17-247.50z,carbclaystone,Eocene,1.63
Hanna Basin,2018-L17-247.80,carbclaystone,Eocene,5.91
Hanna Basin,2018-L17-248.40,carbclaystone,Eocene,7.38
Hanna Basin,2018-L17-248.40z,carbclaystone,Eocene,7.17
Hanna Basin,2018-L17-253.00,carbclaystone,Eocene,3
Hanna Basin,2018-L17-257.00,carbclaystone,Eocene,2.66
Hanna Basin,2018-L17-257.00z,carbclaystone,Eocene,2.87
Hanna Basin,18 BR JCCS 01-0.7,siltstone,Eocene,0.15
Hanna Basin,18 BR JCCS 01-0.7z,siltstone,Eocene,0.11
Hanna Basin,18 BR JCCS 01-1.45,siltstone,Eocene,0.13
Hanna Basin,18 BR JCCS 01-2.0,sandstone,Eocene,0.07
Hanna Basin,18 BR JCCS 01-3.17,sandstone,Eocene,0.18
Hanna Basin,2018-L17-268.50,claystone,Eocene,1.58
Hanna Basin,2018-L17-268.50z,claystone,Eocene,1.52
Hanna Basin,18 BR JCCS 01-3.55,claystone,Eocene,1.12
Hanna Basin,18 BR JCCS 01-3.55z,claystone,Eocene,1.17
Hanna Basin,18 BR JCCS 01-3.8,claystone,Eocene,1.61
Hanna Basin,2018-L17-269.00,carbclaystone,Eocene,1.16
Hanna Basin,18 BR JCCS 01-4.4,claystone,Eocene,0.29
Hanna Basin,18 BR JCCS 01-5.0,siltstone,Eocene,0.41
Hanna Basin,18 BR JCCS 01-5.32,siltstone,Eocene,1.03
Hanna Basin,18 BR JCCS 01-5.32z,siltstone,Eocene,0.66
Hanna Basin,2018-L17-270.80,carbclaystone,Eocene,2.66
Hanna Basin,2018-L17-270.80z,carbclaystone,Eocene,2.29
Hanna Basin,18 BR JCCS 01-5.75,siltstone,Eocene,0.19
Hanna Basin,18 BR JCCS 01-5.75z,siltstone,Eocene,0.13
Hanna Basin,18 BR JCCS 01-6.05,siltstone,Eocene,0.15
Hanna Basin,18 BR JCCS 01-6.57,siltstone,Eocene,0.76
Hanna Basin,18 BR JCCS 01-7.05,sandstone,Eocene,0.06
Hanna Basin,18 BR JCCS 01-8.68,siltstone,Eocene,0.23
Hanna Basin,18 BR JCCS 01-8.68z,siltstone,Eocene,0.23
Hanna Basin,18 BR JCCS 01-9.10,claystone,Eocene,0.26
Hanna Basin,18 BR JCCS 01-9.72,claystone,Eocene,0.16
Hanna Basin,18 BR JCCS 01-10.46,siltstone,Eocene,0.17
Hanna Basin,18 BR JCCS 01-11.25,sandstone,Eocene,0.06
Hanna Basin,2018-L17-279.50,siltstone,Eocene,0.13
Hanna Basin,2018-L17-279.50z,siltstone,Eocene,0.14
Hanna Basin,2018-L17-281.50,siltstone,Eocene,6.01
Hanna Basin,2018-L17-281.50z,siltstone,Eocene,2.86
Hanna Basin,2018-L17-282.90,siltstone,Eocene,1.33
Hanna Basin,2018-L17-282.90z,siltstone,Eocene,1.28
Hanna Basin,2018-L17-288.10,carbclaystone,Eocene,7.86
Hanna Basin,2018-L17-288.10z,carbclaystone,Eocene,8.9
Hanna Basin,2018-L17-290.20,carbclaystone,Eocene,2.93
Hanna Basin,2018-L17-290.50,claystone,Eocene,0.18
Hanna Basin,2018-L17-293.20,claystone,Eocene,0.15
Hanna Basin,2018-L17-293.20z,claystone,Eocene,0.14
Hanna Basin,2018-L17-294.65,siltstone,Eocene,0.04
Hanna Basin,2018-L17-315.38,carbclaystone,Eocene,10.29
Hanna Basin,2018-L17-315.38z,carbclaystone,Eocene,9.49
Hanna Basin,2018-L17-316.08,carbclaystone,Eocene,14.49
Hanna Basin,2018-L17-317.83,carbclaystone,Eocene,9.53
Hanna Basin,2018-L17-317.83z,carbclaystone,Eocene,10.26
Hanna Basin,2018-L17-319.33,siltstone,Eocene,7.78
Hanna Basin,2018-L17-319.93,siltstone,Eocene,2.31
Hanna Basin,2018-L17-319.93z,siltstone,Eocene,1.88
Hanna Basin,2018-L17-324.78,siltstone,Eocene,3.35
Hanna Basin,2018-L17-324.78z,siltstone,Eocene,3.45
Hanna Basin,2018-L17-324.78zz,siltstone,Eocene,3.52
Hanna Basin,2018-L17-328.58,siltstone,Eocene,0.15
Hanna Basin,2018-L17-333.78,carbclaystone,Eocene,6.1
Hanna Basin,2018-L17-333.78z,carbclaystone,Eocene,5.47
Hanna Basin,2018-L17-349.88,carbclaystone,Eocene,13.96
Hanna Basin,2018-L17-350.68,carbclaystone,Eocene,5.56
Hanna Basin,2018-L17-350.68z,carbclaystone,Eocene,5.69
Hanna Basin,2018-L17-352.18,carbclaystone,Eocene,1.59
Hanna Basin,2018-L17-354.73,siltstone,Eocene,1.42
Hanna Basin,2018-L17-354.73z,siltstone,Eocene,1.24
Hanna Basin,2018-L17-355.18,claystone,Eocene,1.33
Hanna Basin,2018-L17-359.70,siltstone,Eocene,0.14
Hanna Basin,2018-L17-359.70z,siltstone,Eocene,0.11
Hanna Basin,2018-L17-360.80,siltstone,Eocene,0.14
Hanna Basin,2018-L17-397.90,claystone,Eocene,3.66
Hanna Basin,2018-L17-397.90z,claystone,Eocene,3.97
Hanna Basin,2018-L17-398.70,claystone,Eocene,3.3
Hanna Basin,2018-L17-403.40,carbclaystone,Eocene,3.03
Hanna Basin,2018-L17-403.40z,carbclaystone,Eocene,1.85
Hanna Basin,2018-L17-404.90,siltstone,Eocene,1.63
Hanna Basin,2018-L17-405.40,siltstone,Eocene,1.14
Hanna Basin,2018-L17-405.40z,siltstone,Eocene,1.06
Hanna Basin,2018-L17-413.30,claystone,Eocene,4.15
Hanna Basin,2018-L17-413.80,claystone,Eocene,4.41
Hanna Basin,2018-L17-413.80z,claystone,Eocene,3.79
Hanna Basin,2018-L17-417.02,claystone,Eocene,4.63
Hanna Basin,2018-L17-418.27,claystone,Eocene,3.01
Hanna Basin,2018-L17-418.27z,claystone,Eocene,3.27
Hanna Basin,2018-L17-418.62,claystone,Eocene,3.3
Hanna Basin,2018-L17-420.12,claystone,Eocene,4.57
Hanna Basin,2018-L17-420.12z,claystone,Eocene,4.4
Hanna Basin,2018-L17-420.92,siltstone,Eocene,1.69
Hanna Basin,2018-L17-420.92z,siltstone,Eocene,1.51
Hanna Basin,2018-L17-421.62,sandstone,Eocene,0.51
Hanna Basin,2018-L17-423.72,siltstone,Eocene,0.59
Hanna Basin,2018-L17-424.00,siltstone,Eocene,1.27
Hanna Basin,2018-L17-424.00z,siltstone,Eocene,1.49
Hanna Basin,2018-L17-440.67,sandstone,Eocene,0.16
Hanna Basin,2018-L17-445.62,sandstone,Eocene,0.39
Hanna Basin,2018-L17-445.62z,sandstone,Eocene,0.39
Hanna Basin,2018-L17-463.07,claystone,Eocene,24.3
Hanna Basin,2018-L17-463.72,claystone,Eocene,11.31
Hanna Basin,2018-L17-463.72z,claystone,Eocene,6.62
Hanna Basin,2018-L17-464.37,claystone,Eocene,8.64
Hanna Basin,2018-L17-468.37,siltstone,Eocene,2.66
Hanna Basin,2018-L17-468.37z,siltstone,Eocene,2.99
Hanna Basin,2018-L17-469.27,siltstone,Eocene,2.75
Hanna Basin,2018-L17-470.07,siltstone,Eocene,5.93
Hanna Basin,2018-L17-470.07z,siltstone,Eocene,6.08
Hanna Basin,2018-L17-470.37,siltstone,Eocene,5.28
Hanna Basin,2018-L17-486.82,siltstone,Eocene,1.27
Hanna Basin,2018-L17-486.82z,siltstone,Eocene,1.36
Hanna Basin,2018-L17-487.42,siltstone,Eocene,4.04
Hanna Basin,2018-L17-488.12,siltstone,Eocene,1.72